bjd,rv,rv_err,instrument,bis,bis_err,fwhm,fwhm_err,halpha,halpha_err,logrhk,logrhk_err
2.4569806959157e6,14.7394,1.200642,HARPS_PRE,5.153300521942835,2.206453504674257,8.121466872008757,0.006612153909858529,0.350605826871864,0.008404622614868346,-3.544366841738311,0.0004806659185845421
2.4569807019577e6,11.5413,1.187104,HARPS_PRE,6.491506760490235,2.459701779405443,8.123407264465145,0.006742584229408012,0.34867840081986656,0.00817999878374906,-3.543941519124083,0.0004806659185845421
2.4569826787895e6,17.4145,1.440916,HARPS_PRE,8.111228462430939,1.4784692098058854,8.168420991879522,0.007569724204001116,0.3503565355416382,0.010899272725296186,-3.538426585445417,0.0004806659185845421
2.4569826848906e6,14.9682,1.492694,HARPS_PRE,11.051179686833153,2.2201004278497307,8.163759207564748,0.008124290683801228,0.3533974986289512,0.011653956477408564,-3.520638180510381,0.0004806659185845421
2.4569876309268e6,-23.4461,1.525264,HARPS_PRE,55.10924143854853,6.595976822701475,8.207512917632107,0.00937890147683204,0.3567460464033569,0.011872685325530962,-3.541668632650223,0.0004806659185845421
2.4569876370795e6,-20.5067,1.567757,HARPS_PRE,52.46733758081842,7.834573700772887,8.213487584242076,0.009546118472379564,0.35652101407594405,0.012390160365074116,-3.531638899183328,0.0004806659185845421
2.4569886927621e6,-21.9804,1.206562,HARPS_PRE,44.363339811790084,5.217131409649632,8.101487636317248,0.007799906619186762,0.341740724810209,0.008402675783616236,-3.555459178145121,0.0004806659185845421
2.4572238814284e6,-40.9199,2.011731,HARPS_POST,17.209567579174745,3.6539978651857608,8.180535994509091,0.008237945484202994,0.35452997599550395,0.013090172522007422,-3.5466027699563982,0.0024998704196073735
2.457223892522e6,-34.5054,2.104208,HARPS_POST,19.85636018484055,3.7689723440835103,8.177904495240996,0.008081848387976879,0.35077735491765194,0.013815738497374812,-3.5535561710970285,0.0024998704196073735
2.4572248815882e6,-67.5468,1.760104,HARPS_POST,58.19112923455819,6.2738396132709475,8.148762987219234,0.009323112068889229,0.3443518255102916,0.01265869484961879,-3.5602829590013583,0.0024998704196073735
2.4572248896411e6,-64.7356,1.619829,HARPS_POST,55.78076570890873,4.639056704898975,8.149479630756188,0.008523741109619074,0.34581026454399433,0.011171393846611087,-3.5530791379655255,0.0024998704196073735
2.457333766266e6,-76.7787,1.406789,HARPS_POST,54.93423556190059,7.212282338611069,8.202581650591062,0.009456155801568028,0.35543291697537027,0.005712185741791862,-3.552869270198771,0.0024998704196073735
2.4573337769414e6,-76.911,1.414913,HARPS_POST,60.561328743887394,6.672659748253481,8.204919330517347,0.0091777432898206,0.35322294881704075,0.005803657176453694,-3.5516127143537255,0.0024998704196073735
2.457342741859e6,-97.6928,1.434168,HARPS_POST,68.7288294684208,7.487530782255234,8.169827461132408,0.009544213227593891,0.34769452106027116,0.006147685057044694,-3.5595925621646867,0.0024998704196073735
2.4573427525348e6,-96.3885,1.411871,HARPS_POST,67.08163390243315,6.425003584563373,8.164792538795897,0.009273485480171189,0.3473531921999359,0.005699747285355011,-3.5624526773089933,0.0024998704196073735
2.4573446913476e6,-24.9922,1.138918,HARPS_POST,12.822017020984372,2.808034448554161,8.143503209443994,0.0071672007376093905,0.34247913977474537,0.006118350841849183,-3.5678290853473236,0.0024998704196073735
2.4573447019202e6,-25.8783,1.150543,HARPS_POST,11.72276842850728,2.23129074616635,8.148200606583686,0.0071322839980279785,0.34449143536766674,0.00631897812673497,-3.5678306493956837,0.0024998704196073735
2.4576008244639e6,-9.58415,2.434816,HARPS_POST,21.647004532112685,2.336252825260792,8.131381521992262,0.007682763448233594,0.34859019273102904,0.016727986362376344,-3.5676117064686985,0.0024998704196073735
2.4576008364926e6,-11.2517,3.631567,HARPS_POST,10.67500381732528,3.8095162564090814,8.139226397863437,0.00777637285294818,0.35599387937884025,0.025774221783017248,-3.5891327686552237,0.0024998704196073735
2.4577138008374e6,-21.8427,1.640104,HARPS_POST,31.059291008916787,3.3963026608393188,8.1547042049895,0.008176643475482347,0.35017677320114354,0.00856592811679946,-3.543043944285622,0.0024998704196073735
2.4577138115211e6,-20.291,1.579749,HARPS_POST,35.37281586747692,3.1056887976164864,8.155195333897497,0.008543220230191481,0.3492421406155749,0.007686901369958413,-3.551126282025066,0.0024998704196073735
2.4577706126913e6,7.35185,1.459152,HARPS_POST,21.36125174797679,2.1950714787242283,8.20955052136642,0.007241642965336013,0.3741956326716416,0.006561017823069309,-3.518682659846825,0.0024998704196073735
2.4577706232547e6,7.68119,1.507487,HARPS_POST,20.628044072158485,2.144061032561837,8.21004502595442,0.007370264211301453,0.37245418584842527,0.007149238238218271,-3.5146465375860676,0.0024998704196073735
2.458007719415e6,-29.6338,1.816126,HARPS_POST,28.556374876819945,5.515987850953959,8.130551822485087,0.00861393117614304,0.34228422549387066,0.013577666437516888,-3.564721352401433,0.0024998704196073735
2.4580077307085e6,-32.5362,2.208463,HARPS_POST,22.377760905105433,5.04093226385921,8.131965229730854,0.00847130858153002,0.3427241883405089,0.01621330381903038,-3.5873354535172894,0.0024998704196073735
2.4580356240042e6,-6.69317,1.550487,HARPS_POST,22.41152323986023,2.1110477108208343,8.129581409074138,0.006685228574747399,0.34706660163983705,0.008247308594134426,-3.5535600088004617,0.0024998704196073735
2.4580356347851e6,-5.77953,1.51131,HARPS_POST,19.698379831397133,2.1044653195376934,8.12902969383453,0.007067859529689427,0.3486490522896617,0.007784039353467114,-3.5529660889696864,0.0024998704196073735
2.4580396290484e6,-7.11127,1.525558,HARPS_POST,41.12201890352607,5.242858980613753,8.205131539101485,0.008089659464309194,0.35650674938983695,0.007939445463493693,-3.5286407401218685,0.0024998704196073735
2.458039639929e6,-6.10799,1.514482,HARPS_POST,42.09762429905339,3.749237151654465,8.205065894024221,0.008258276376354705,0.3561708037859477,0.007745182004070645,-3.530910272349574,0.0024998704196073735
2.4584175605103e6,18.6092,1.477908,HARPS_POST,-0.994606671442827,6.016251206707474,8.780036299168575,0.010538579123515319,0.3752176491137485,0.011705183863533825,-3.505523897209464,0.0024998704196073735
2.4584177671452e6,4.30059,1.598121,HARPS_POST,-9.88124885648299,6.53447384719111,8.830407081939152,0.016486636908974995,0.375509482519118,0.011693919243998685,-3.5126255997227873,0.0024998704196073735
2.4584185558442e6,-34.5538,1.198109,HARPS_POST,26.699916929367905,2.340279087433397,8.817922234539596,0.01696752310396707,0.3653827341398961,0.009751362084507203,-3.5152069243673507,0.0024998704196073735
2.4584187202782e6,-39.8776,1.152792,HARPS_POST,29.557914572144032,3.0111655754761792,8.804600014062226,0.016952984846727498,0.3678460259400841,0.009162771837880529,-3.516324284414233,0.0024998704196073735
2.4584196867754e6,-15.6806,1.073249,HARPS_POST,9.541057652924456,2.1324900960366926,8.720377790682786,0.017845250620162133,0.3571139216755947,0.007323811989075142,-3.535416750496254,0.0024998704196073735
2.4584228313146e6,35.5444,2.107008,HARPS_POST,-52.414141186881174,6.533015185907626,8.743162464218068,0.02076091327356886,0.36368445509397374,0.015612756947197022,-3.5495326504867135,0.0024998704196073735
2.4584237452095e6,-7.54548,1.338613,HARPS_POST,19.660039293550174,3.381611226331136,8.790963648224746,0.016359285306965957,0.361776049641821,0.01015479455294432,-3.53062252672345,0.0024998704196073735
2.4584297622659e6,-9.25673,1.370881,HARPS_POST,9.538737335967523,4.009794307820415,8.741930707545412,0.016240139261415952,0.35179868930539193,0.010499804353797404,-3.5466782750181913,0.0024998704196073735
2.4584307490961e6,6.71415,1.169644,HARPS_POST,-10.746581184723103,3.453161501113226,8.702794990209956,0.019495790305264393,0.35760230948084804,0.008411767360704848,-3.54551466797062,0.0024998704196073735
2.4584316779218e6,33.3725,1.548805,HARPS_POST,-31.567657012892713,3.7299303811801234,8.289544145091638,0.010231943825596898,0.35987175763385526,0.008996124402482727,-3.5367253868583792,0.0024998704196073735
2.4584326852387e6,-23.0885,1.260272,HARPS_POST,39.67302588152058,3.56811883284288,8.763768965968,0.018329371486788298,0.3578811956692309,0.008803664205180141,-3.537988518427891,0.0024998704196073735
2.4584327156374e6,-22.7104,1.427016,HARPS_POST,34.54284736517217,4.655664228054159,8.7587296787343,0.018963929418142948,0.35761629880498175,0.009834772721402386,-3.5431769785444054,0.0024998704196073735
2.458464725311e6,-2.50618,1.709094,HARPS_POST,-5.719806826033722,2.6661188351990837,8.679744223556387,0.011868462808131296,0.358607786066428,0.012462949138533278,-3.539682630092726,0.0024998704196073735
2.4584647335398e6,-2.55015,1.830138,HARPS_POST,-1.4753495407618389,2.160671169363018,8.673642154165522,0.011601344260752036,0.35777449856722565,0.013037386618263574,-3.539143481196831,0.0024998704196073735
2.458465697262e6,42.5005,1.308503,HARPS_POST,-41.562297593072,6.831504566740805,8.816181444639879,0.014961397750263582,0.36809612422276616,0.00871048509369654,-3.5306408074430995,0.0024998704196073735
2.4584657050207e6,42.1404,1.287109,HARPS_POST,-43.7368680725691,6.001730009424048,8.818023467083771,0.015877315074132516,0.36530825323968374,0.008401586983975558,-3.535466187931776,0.0024998704196073735
2.458466689463e6,-22.2681,1.643993,HARPS_POST,9.324722733550782,3.543242821697123,8.789823866256823,0.010687757213729332,0.368074842736478,0.009400224355961901,-3.527632046498926,0.0024998704196073735
2.4584666965536e6,-22.1369,1.697931,HARPS_POST,14.42462675027202,2.298742298082796,8.791397325133282,0.009792502614576957,0.3661967177698413,0.009819034228900483,-3.5307277552857785,0.0024998704196073735
2.4584816039111e6,6.02111,1.446474,HARPS_POST,-18.2921112555236,2.218261193172114,8.692356720239077,0.01147434437173585,0.36813310892832063,0.009641208396465107,-3.526870772773854,0.0024998704196073735
2.4584836064777e6,15.0514,1.233287,HARPS_POST,-22.274669217349192,2.3867378045507897,8.792211853987077,0.011325185212454176,0.36907616221775763,0.007893374296480737,-3.5199350221813486,0.0024998704196073735
2.4585095312438e6,-31.1915,1.691414,HARPS_POST,16.54246769308232,2.354338022699085,8.797301981223407,0.011629222451705213,0.37088432415614825,0.010061476749776796,-3.5324120386264983,0.0024998704196073735
2.4585095792092e6,-31.4661,1.963124,HARPS_POST,26.33856355379878,4.7702749054628795,8.78999159682086,0.011756765084864984,0.36826342885567537,0.01244717295901223,-3.5291088588661426,0.0024998704196073735
2.458509597949e6,-34.6993,1.942563,HARPS_POST,9.987799903586032,1.8845144165718541,8.789135325589953,0.011787105651195487,0.3638957913263684,0.01222754160785459,-3.5416625097433703,0.0024998704196073735
2.4585105512262e6,-35.9078,2.007333,HARPS_POST,18.693987610250055,1.373158240563455,8.700669948024027,0.012900641880968114,0.3581654706012691,0.014603749499067021,-3.5327712138035685,0.0024998704196073735
2.4585105808359e6,-35.2899,2.175762,HARPS_POST,7.446615110408603,2.6117478041124067,8.706989879971466,0.01354183348534698,0.36352993410053186,0.014730005888076004,-3.5443617054986216,0.0024998704196073735
2.4585115486733e6,41.5436,1.676845,HARPS_POST,-39.75346027815163,6.097337222969852,8.71973681752083,0.013510325770431859,0.35406520362740884,0.00958177132446159,-3.542097231730528,0.0024998704196073735
2.458511605285e6,45.7403,2.005626,HARPS_POST,-39.53487845297066,3.971263272530198,8.735771716665647,0.013218500210663817,0.3561663596706795,0.012574221988391756,-3.5516011286922606,0.0024998704196073735
2.4585125508436e6,20.9924,1.625703,HARPS_POST,-12.87791403215327,4.584000302276373,8.809868475620691,0.012044593981791488,0.369778371190005,0.009030455157030288,-3.5237603870026284,0.0024998704196073735
2.45857648052e6,1.18629,2.044121,HARPS_POST,8.01210156423346,1.1748364115160843,8.842347708795092,0.017893130459602835,0.3911469933155007,0.015222296555107838,-3.490423413978704,0.0024998704196073735
2.4585765123795e6,-2.30409,3.034643,HARPS_POST,32.592532300170795,6.210358348244907,8.8318901521163,0.02098922133963983,0.38734356789882685,0.025026384866681267,-3.5048092861107025,0.0024998704196073735
2.4585794922542e6,-43.3688,1.75148,HARPS_POST,43.29830321129852,4.7076465054416765,8.767291762055391,0.020074726874480885,0.37070283263883597,0.011737445048984434,-3.5272027241239403,0.0024998704196073735
2.4585804799731e6,19.875,1.283354,HARPS_POST,-15.675213972621338,4.008063418115079,8.71612861920344,0.019637178949811426,0.36132726510605684,0.008816123579873837,-3.536796417160489,0.0024998704196073735
2.4585814841272e6,10.4252,1.447697,HARPS_POST,-7.03004462448159,3.405341156630344,8.78347526880814,0.016827040869045375,0.3495462040701945,0.010136271622464861,-3.5501021479082095,0.0024998704196073735
2.4585824737312e6,40.5645,1.283003,HARPS_POST,-30.100898940692762,8.161603325489182,8.707444102433458,0.020716216814156904,0.37450488649154784,0.009176128781444725,-3.520571666624271,0.0024998704196073735
2.4586709336494e6,8.88064,1.482336,HARPS_POST,46.197481579996534,5.543815553370967,8.315722225895783,0.007967672062141199,0.3783498977196548,0.007630353719369466,-3.488405070704453,0.0024998704196073735
2.458673874302e6,39.5375,1.746908,HARPS_POST,-11.670579176419338,2.402438996519923,8.254976127544722,0.007922304853426923,0.36897283981936246,0.011374036020661525,-3.5224364945503157,0.0024998704196073735
2.4586749427539e6,-5.76304,1.683959,HARPS_POST,49.18036778692495,4.05100055031771,8.261747305671788,0.008836687674671816,0.37257823194641726,0.010266555748083658,-3.5070109632745616,0.0024998704196073735
2.4586848745453e6,22.3258,1.623925,HARPS_POST,13.990066215327252,3.4719901714142725,8.262143310024975,0.0077351558713708414,0.3659841241464754,0.009593264505902269,-3.5134497215133758,0.0024998704196073735
2.4586898633004e6,6.05712,1.560674,HARPS_POST,41.59807150235129,4.590628880859216,8.216198327356691,0.008292853625293604,0.37319176741466703,0.009003991798540114,-3.506112515576251,0.0024998704196073735
2.4586908755593e6,46.9065,1.569856,HARPS_POST,-1.3666750004534822,2.387681229705905,8.23849724587207,0.007182083994560178,0.3755774678269273,0.009503673850176019,-3.5066923974159585,0.0024998704196073735
2.4586928190026e6,20.1791,1.548856,HARPS_POST,26.337115986311776,3.1926945179784143,8.2248799480965,0.008165569414330241,0.3774735131437801,0.009057589281399672,-3.5009789114051864,0.0024998704196073735
2.458693852882e6,2.21389,1.783348,HARPS_POST,45.75705291772941,5.0153125363018995,8.290453389290859,0.008587643088724421,0.3682012182428349,0.011220794780463537,-3.520507237415885,0.0024998704196073735
2.4586948445956e6,5.20294,1.450438,HARPS_POST,24.3606163697527,3.2182987734282564,8.193526026444781,0.008140508084285963,0.37112308901203045,0.007071837551647795,-3.5104462899692765,0.0024998704196073735
2.4586958717333e6,58.3818,1.562818,HARPS_POST,-15.608142929948693,2.3726778251999407,8.294556179624614,0.0077160295707932244,0.3793122794500581,0.008776585662562859,-3.4919504980737504,0.0024998704196073735
2.4586977868475e6,-33.6049,1.679529,HARPS_POST,79.03201478676229,8.298170095493623,8.238120938505974,0.010968446691632954,0.36916687524616315,0.009978888510726485,-3.5109874096285667,0.0024998704196073735
2.4586988226773e6,12.9645,1.455494,HARPS_POST,25.205457565171287,1.6057305350186424,8.195939466418233,0.008392344352249479,0.3662837809174599,0.00704276152754877,-3.511433119198118,0.0024998704196073735
2.458699881696e6,45.3504,1.599627,HARPS_POST,-16.664914052695185,1.8220289255840723,8.26850562857373,0.007746553615761939,0.3661498644469988,0.009125957623467585,-3.5156955561706313,0.0024998704196073735
2.4587008785499e6,3.14661,1.584411,HARPS_POST,58.32479353897513,4.056656460669306,8.269818560017658,0.009103214563485975,0.3750554128655464,0.009119269229921595,-3.5090130057953584,0.0024998704196073735
2.4587018059893e6,34.0493,1.543568,HARPS_POST,-0.49446890623022766,3.3137059003049525,8.237976603646084,0.0071390477762664,0.37262609804637625,0.008297226026459433,-3.5039331676571908,0.0024998704196073735
2.4587027675233e6,-3.72076,1.608381,HARPS_POST,67.10021865733314,6.049601945331963,8.276925207895387,0.009781204696973252,0.38780976331337624,0.009503919351298528,-3.4917538803016352,0.0024998704196073735
2.4587047973354e6,45.1857,1.687589,HARPS_POST,7.543822165799879,2.323674606149786,8.313318142209935,0.007609903924041277,0.3791704347299671,0.010307556024292841,-3.501127778389657,0.0024998704196073735
2.4587079096777e6,33.811,1.626997,HARPS_POST,-2.3902592491657493,1.844306362282307,8.207782478297606,0.007472571307299919,0.3696185559647314,0.009491860420487426,-3.506862838078545,0.0024998704196073735
2.4587087644731e6,45.1887,1.565605,HARPS_POST,2.3697277705669317,2.2364871445755097,8.286300254479926,0.007664849389208064,0.3702576475981006,0.008605145345697795,-3.5088865879432576,0.0024998704196073735
2.4587187496203e6,44.4029,1.595296,HARPS_POST,1.3980412235837236,1.9991585745569735,8.258288468086441,0.007301141074934708,0.375424429073418,0.009512543969502265,-3.4966076177102017,0.0024998704196073735
2.4587198247177e6,-21.7782,1.512444,HARPS_POST,66.02897670797037,6.527621873354597,8.296404328509706,0.009627482217229751,0.3740356026559496,0.007881860656531443,-3.501740879659295,0.0024998704196073735
2.4587208462222e6,14.4073,1.539093,HARPS_POST,11.789295878204209,3.785301692990761,8.210396602019465,0.006897711925077999,0.37488001183391934,0.01191004015600841,-3.503762496977748,0.0024998704196073735
2.4587217542766e6,51.8379,1.485048,HARPS_POST,1.596568254795816,1.8347586628300598,8.292989427621114,0.007405505399210275,0.3755392005564809,0.008197347902958589,-3.4927040800175453,0.0024998704196073735
2.4587227412262e6,20.3717,1.497969,HARPS_POST,29.54438009756366,3.7479316782652483,8.314677369358852,0.007707450554887246,0.38673801230641375,0.007771617021860951,-3.4874572740076615,0.0024998704196073735
2.4587237396809e6,-26.2997,1.479066,HARPS_POST,69.24692327048976,7.338122797198597,8.27199815972424,0.010108944948767556,0.3784109605173208,0.0075887397905111155,-3.4957439908319796,0.0024998704196073735
2.4587248231136e6,6.77159,1.666231,HARPS_POST,30.34563012652197,3.2864592036825413,8.209664611529334,0.007620195641107367,0.37270134773378677,0.010606030393810952,-3.5100322262976733,0.0024998704196073735
2.4587257098152e6,31.2646,1.590342,HARPS_POST,6.714077196993518,1.291991808414505,8.251570729622935,0.00778884232436868,0.36739015542904996,0.008748425633481,-3.51306042874527,0.0024998704196073735
2.4587347275826e6,29.2927,1.683237,HARPS_POST,12.087488323978851,3.924255875645129,8.265550310166532,0.007822456873384367,0.37014984284279023,0.012684513550997369,-3.5134891346759054,0.0024998704196073735
2.458736833069e6,6.17869,1.938884,HARPS_POST,38.44804775188815,5.168685094365805,8.295999845178011,0.008521989483619883,0.37479067442522573,0.012960307974249385,-3.5043758035604764,0.0024998704196073735
2.45873684849236e6,136.2,4.8,FEROS,2.0,7.0,12.0055,0.03250834967683376,0.38735543518167576,0.699778303992031,-3.4118706048580276,0.0003712441583579123
2.4587378023478e6,13.9178,1.973795,HARPS_POST,33.84417200786419,4.427499752519591,8.22032652673481,0.00840196936812723,0.3844871003531237,0.013629464786737242,-3.4993084458627153,0.0024998704196073735
2.45873783869835e6,193.1,5.0,FEROS,-16.0,7.0,11.9787,0.033013224488494156,0.3891287597335272,0.7035992171202079,-3.4163996562622887,0.0003712441583579123
2.4587387246212e6,54.3194,1.646037,HARPS_POST,-4.995239803887886,1.9285083498647417,8.297563095300536,0.0076332183544092335,0.3836145872023709,0.012459368592832523,-3.4991060962689144,0.0024998704196073735
2.45873876410755e6,133.20000000000002,3.8,FEROS,-31.0,6.0,11.878,0.03418276563488229,0.38923374904765634,0.7052988720754186,-3.41479076127788,0.0003712441583579123
2.4587397413223e6,12.1497,1.789289,HARPS_POST,47.13209626110421,4.979132629075341,8.308861372496988,0.007960607114602232,0.3851883591204949,0.011694540495544855,-3.488534175228177,0.0024998704196073735
2.45873980150458e6,-41.8,4.6,FEROS,-5.0,7.0,11.7884,0.033044239646408256,0.3974474900539132,0.708122455044919,-3.4108275312006473,0.0003712441583579123
2.4587407212751e6,2.63132,1.816481,HARPS_POST,29.859049042877256,6.35591722152495,8.278577273192234,0.00754491961700078,0.37580864337206304,0.011515377847473501,-3.497770648623911,0.0024998704196073735
2.45874084528628e6,27.900000000000002,5.1000000000000005,FEROS,-4.0,8.0,11.2822,0.02310200762095892,0.39042542005102937,0.6960013100571316,-3.3812122513003473,0.0003712441583579123
2.4587417140293e6,-7.57892,1.480603,HARPS_POST,64.73172799762695,5.424888164211025,8.236038869975014,0.009700207095173559,0.37506704710815714,0.007545567755734513,-3.5025074166086347,0.0024998704196073735
2.4587427129961e6,82.6425,1.469198,HARPS_POST,17.161634228361923,2.8668043363036695,8.205573805822178,0.007453988969421877,0.36929517516863697,0.009806376344454647,-3.5149997037450933,0.0024998704196073735
2.45874280041679e6,81.5,4.3,FEROS,-22.0,7.0,11.2138,0.02278052902549784,0.3859491765626622,0.6965596497624995,-3.414390154493725,0.0003712441583579123
2.45874476880302e6,115.3,4.5,FEROS,-19.0,7.0,11.8107,0.033917744675480636,0.3891415605740569,0.7005173550443218,-3.415835546287089,0.0003712441583579123
2.4587448652972e6,18.9351,1.640183,HARPS_POST,10.796202678640231,3.70524729341303,8.247616770806248,0.007101150442363047,0.38292440037948144,0.010989237200260724,-3.490924128529494,0.0024998704196073735
2.4587456861131e6,-1.98649,2.376628,HARPS_POST,47.84969939106412,5.634477400326362,8.277626785048563,0.009255021261375675,0.38148824242528906,0.016694880639650463,-3.51852606941143,0.0024998704196073735
2.45874577172797e6,126.0,5.7,FEROS,-1.0,9.0,11.2677,0.023822582796200573,0.3855172684451182,0.6909961633439948,-3.407207068636762,0.0003712441583579123
2.4587467290597e6,41.0028,1.803061,HARPS_POST,-11.341109161285557,2.2164564490160346,8.219902411616323,0.007432936769512541,0.3760972362173249,0.011538471248283975,-3.5098115168423774,0.0024998704196073735
2.4587476466141e6,28.5201,2.808762,HARPS_POST,9.925070765142818,2.621024886011902,8.325765088202512,0.007560058469772532,0.3845964707765836,0.0199130351093742,-3.5084081358668997,0.0024998704196073735
2.458748666087e6,0.233129,1.657317,HARPS_POST,43.57992005266595,5.361421899429197,8.260116564048083,0.008036006565284658,0.38895549327349527,0.009964375414584779,-3.481489148886302,0.0024998704196073735
2.4587506879469e6,0.906994,1.424841,HARPS_POST,57.18915853632078,5.443210715868319,8.218843624199499,0.009555997367194586,0.36784905307824517,0.010015011600430704,-3.5116111121260993,0.0024998704196073735
2.4587528861813e6,25.527,1.52937,HARPS_POST,38.53840661316985,3.2461802307595042,8.245665578789167,0.008448891691684031,0.3819744779992743,0.009229409185266999,-3.508653433116639,0.0024998704196073735
2.4587536870331e6,18.5699,1.839849,HARPS_POST,24.847171991444206,4.612273884458164,8.277138535395,0.007387125807042032,0.3773244770266685,0.011828706780708695,-3.499169534152089,0.0024998704196073735
